{"T_1": 14.706356050696273, "R_11": 0.1629516011915053, "R_12": -0.7867858184538906, "R_13": 0.5953275162034477, "T_2": -8.663192507367512, "R_21": 0.9346422219958846, "R_22": 0.31638585464286273, "R_23": 0.16230806463174038, "T_3": 14.608726655570687, "R_31": -0.31605488847939134, "R_32": 0.5299698735416449, "R_33": 0.7869188272029921}