{
  "T_1": 0.23619338242715887,
  "R_11": 0.909036123244809,
  "R_12": -0.3441836061684356,
  "R_13": -0.23492758859048438,
  "T_2": -0.29817191736167414,
  "R_21": 0.3511266955980804,
  "R_22": 0.9362378943089773,
  "R_23": -0.012986489066150072,
  "T_3": -0.038404819473175304,
  "R_31": 0.22441784749529528,
  "R_32": -0.07068416021134792,
  "R_33": 0.9719261181904697
}