{"T_1": -203.52974037094208, "R_11": -0.1929842337883329, "R_12": 0.8993914665922246, "R_13": 0.39223981864443247, "T_2": 168.52736405788423, "R_21": -0.8780007195721017, "R_22": -0.33674813621195576, "R_23": 0.3401697064534783, "T_3": 115.31754059528578, "R_31": 0.43803175905406855, "R_32": -0.27873945285671564, "R_33": 0.8546534358914946}