{"T_1": -202.00055151088225, "R_11": -0.07334075013452854, "R_12": 0.8968426014268189, "R_13": 0.43622755831753757, "T_2": 167.37958502839132, "R_21": -0.8926040341581425, "R_22": -0.2541278211177289, "R_23": 0.3723937281138944, "T_3": 110.26285772458888, "R_31": 0.4448361187834394, "R_32": -0.36206684299992364, "R_33": 0.8191632490692894}