{
  "ip": "192.168.10.200",
  "pointset": {
    "test": [1],
    "1":[-92.79785115183154,-749.0597585962975,294.22956851460424,-2.970002587979285,-0.1486669117593329,-2.136535848726753],
    "2":[4.436121785976894,-795.4767615310072,92.77798053428285,2.1964787083733337,0.006441110620281865,-1.4638272056361832],
    "3":[464.99545568077184,-621.9259151742268,374.7011201223154,2.2563840736479466,-0.26762550212236713,-0.7985469161018979],
    "4":[133.7642562553035,-464.71997006743493,538.862474684959,2.494048297159002,-0.04047617393711802,-1.1131745532262918],
    "5":[-91.16818303690212,-545.8753266414088,480.92324138770266,-3.100143252455579,-0.3374558840899763,-2.0314827317423134],
    "6":[-284.75810597215593,-382.3933569345995,531.2984599580413,-2.6762530260079584,0.10371722056633086,-2.7561365355373626],
    "7":[-405.214197103443,-560.1623685702871,150.478769915488,-2.5166175981353027,0.8516131592757559,-2.893283190224039],
    "8":[-254.27140773768733,-515.2024912241366,461.76668888628245,-2.632205676029721,0.531402085122325,-2.670020012197216],
    "9":[-95.30651292747952,-581.7098680629533,565.9061717900897,-3.0024811241839178,-0.27995697847551465,-2.1042608165767596],
    "10":[-135.91817601109483,-741.1599980718996,356.0531980622855,3.011486869073023,-0.16718153090944515,-2.074952307169688]
  }
}
