{
  "ip": "192.168.10.200",
  "pointset": {
    "test": [1],
    "left": [2.6762935861221915, 1.7124617238694333, 1.0926255207126065, 1.9347698617189494, -1.597162463038624, 5.277994235146966],
    "right": [0.9762935861221914, 1.7124617238694333, 1.0926255207126065, 1.9347698617189493, -1.597162463038624, 5.277994235146966],
    "left_up": [2.6762935861221915, 1.7124617238694333, 1.0926255207126065, 1.0, -1.597162463038624, 5.277994235146966],
    "right_up": [0.9762935861221914, 1.7124617238694333, 1.0926255207126065, 1.0, -1.597162463038624, 5.277994235146966],
    "base_coor":[-117.07577181218588, -660.5492461220556,319.93573328836015,-2.959082897333251,-0.17034119181261667,-2.1736394631480382],
    "left_coor":[163.39098685132802, -545.1992719622305,337.56733234425485,2.2166514613507524,0.16026148204130994,-1.0524360689521703],
    "up_coor":[-116.7937578445571, -368.4429150132321,562.1311089681146,-3.068023602386469,-0.48764356555452776,-2.0139748956357857],
    "right_coor":[-400.1209218370543,-572.6740222665219,403.6402194070163,-2.631042704676877,0.18954632174975725,-2.728355892134916],
    "front_coor": [-105.94797323791227,-800.3145959189435,377.71011706922775,-3.0602640190112353,-0.34916265593247403,-2.109206276316497],
    "left_down_coor":[-57.79287249060265,-795.1819515827826,132.28652690839752,2.5081391268311624,-0.02743457874402993,-1.7482823670715346],
    "right_down_coor":[-177.97137462712783,-778.9422045730413,170.00009909252756,-2.6166239974668453,0.47376603912915005,-2.3811117761978253],
    "far_down_coor":[-110.51620763664866,-235.70331087883122,206.78568453599928,-2.853373066331308,-0.5709024347118344,-2.078533022051691],
    "far_up_coor":[-97.78405319336886,-225.53217368094903,684.2508680400076,-2.833084064307686,-0.531971415448765,-2.062416208928042]

  }
}
